SET FOREIGN_KEY_CHECKS=0;
REPLACE INTO askapp.django_migrations (id, app, name, applied) VALUES (2, 'auth', '0001_initial', '2020-09-26 21:58:29.025619');
REPLACE INTO askapp.django_migrations (id, app, name, applied) VALUES (3, 'admin', '0001_initial', '2020-09-26 21:58:29.659220');
REPLACE INTO askapp.django_migrations (id, app, name, applied) VALUES (4, 'admin', '0002_logentry_remove_auto_add', '2020-09-26 21:58:29.755076');
REPLACE INTO askapp.django_migrations (id, app, name, applied) VALUES (5, 'admin', '0003_logentry_add_action_flag_choices', '2020-09-26 21:58:29.768123');
REPLACE INTO askapp.django_migrations (id, app, name, applied) VALUES (6, 'askapp', '0001_initial', '2020-09-26 21:58:30.246910');
REPLACE INTO askapp.django_migrations (id, app, name, applied) VALUES (7, 'askapp', '0002_thread_thumbnail', '2020-09-26 21:58:30.695898');
REPLACE INTO askapp.django_migrations (id, app, name, applied) VALUES (8, 'askapp', '0003_profile', '2020-09-26 21:58:30.750171');
REPLACE INTO askapp.django_migrations (id, app, name, applied) VALUES (9, 'askapp', '0004_auto_20161226_1858', '2020-09-26 21:58:31.320132');
REPLACE INTO askapp.django_migrations (id, app, name, applied) VALUES (10, 'askapp', '0005_auto_20161227_1123', '2020-09-26 21:58:31.853940');
REPLACE INTO askapp.django_migrations (id, app, name, applied) VALUES (11, 'askapp', '0006_post_deleted', '2020-09-26 21:58:32.031575');
REPLACE INTO askapp.django_migrations (id, app, name, applied) VALUES (12, 'askapp', '0007_auto_20161228_0818', '2020-09-26 21:58:32.123546');
REPLACE INTO askapp.django_migrations (id, app, name, applied) VALUES (13, 'askapp', '0008_auto_20161228_1931', '2020-09-26 21:58:32.395629');
REPLACE INTO askapp.django_migrations (id, app, name, applied) VALUES (14, 'askapp', '0009_auto_20170105_1944', '2020-09-26 21:58:32.606420');
REPLACE INTO askapp.django_migrations (id, app, name, applied) VALUES (15, 'askapp', '0010_auto_20170106_0657', '2020-09-26 21:58:32.637783');
REPLACE INTO askapp.django_migrations (id, app, name, applied) VALUES (16, 'askapp', '0011_auto_20170110_1905', '2020-09-26 21:58:32.888390');
REPLACE INTO askapp.django_migrations (id, app, name, applied) VALUES (17, 'askapp', '0012_auto_20170203_1436', '2020-09-26 21:58:33.223488');
REPLACE INTO askapp.django_migrations (id, app, name, applied) VALUES (18, 'askapp', '0013_auto_20170206_0748', '2020-09-26 21:58:33.338845');
REPLACE INTO askapp.django_migrations (id, app, name, applied) VALUES (19, 'askapp', '0014_auto_20170529_1106', '2020-09-26 21:58:33.474184');
REPLACE INTO askapp.django_migrations (id, app, name, applied) VALUES (20, 'askapp', '0015_thread_domain', '2020-09-26 21:58:33.544614');
REPLACE INTO askapp.django_migrations (id, app, name, applied) VALUES (21, 'askapp', '0016_populate_domain', '2020-09-26 21:58:33.574611');
REPLACE INTO askapp.django_migrations (id, app, name, applied) VALUES (22, 'askapp', '0017_auto_20191105_1229', '2020-09-26 21:58:33.669750');
REPLACE INTO askapp.django_migrations (id, app, name, applied) VALUES (23, 'askapp', '0018_auto_20191109_1248', '2020-09-26 21:58:33.765568');
REPLACE INTO askapp.django_migrations (id, app, name, applied) VALUES (24, 'askapp', '0019_auto_20191119_0846', '2020-09-26 21:58:33.943705');
REPLACE INTO askapp.django_migrations (id, app, name, applied) VALUES (25, 'contenttypes', '0002_remove_content_type_name', '2020-09-26 21:58:34.110056');
REPLACE INTO askapp.django_migrations (id, app, name, applied) VALUES (26, 'auth', '0002_alter_permission_name_max_length', '2020-09-26 21:58:34.143061');
REPLACE INTO askapp.django_migrations (id, app, name, applied) VALUES (27, 'auth', '0003_alter_user_email_max_length', '2020-09-26 21:58:34.193309');
REPLACE INTO askapp.django_migrations (id, app, name, applied) VALUES (28, 'auth', '0004_alter_user_username_opts', '2020-09-26 21:58:34.223287');
REPLACE INTO askapp.django_migrations (id, app, name, applied) VALUES (29, 'auth', '0005_alter_user_last_login_null', '2020-09-26 21:58:34.268763');
REPLACE INTO askapp.django_migrations (id, app, name, applied) VALUES (30, 'auth', '0006_require_contenttypes_0002', '2020-09-26 21:58:34.271412');
REPLACE INTO askapp.django_migrations (id, app, name, applied) VALUES (31, 'auth', '0007_alter_validators_add_error_messages', '2020-09-26 21:58:34.295259');
REPLACE INTO askapp.django_migrations (id, app, name, applied) VALUES (32, 'auth', '0008_alter_user_username_max_length', '2020-09-26 21:58:34.374245');
REPLACE INTO askapp.django_migrations (id, app, name, applied) VALUES (33, 'auth', '0009_alter_user_last_name_max_length', '2020-09-26 21:58:34.520196');
REPLACE INTO askapp.django_migrations (id, app, name, applied) VALUES (34, 'auth', '0010_alter_group_name_max_length', '2020-09-26 21:58:34.561457');
REPLACE INTO askapp.django_migrations (id, app, name, applied) VALUES (35, 'auth', '0011_update_proxy_permissions', '2020-09-26 21:58:34.602354');
REPLACE INTO askapp.django_migrations (id, app, name, applied) VALUES (36, 'registration', '0001_initial', '2020-09-26 21:58:34.645033');
REPLACE INTO askapp.django_migrations (id, app, name, applied) VALUES (37, 'registration', '0002_registrationprofile_activated', '2020-09-26 21:58:34.732076');
REPLACE INTO askapp.django_migrations (id, app, name, applied) VALUES (38, 'registration', '0003_migrate_activatedstatus', '2020-09-26 21:58:34.762271');
REPLACE INTO askapp.django_migrations (id, app, name, applied) VALUES (39, 'registration', '0004_supervisedregistrationprofile', '2020-09-26 21:58:34.798096');
REPLACE INTO askapp.django_migrations (id, app, name, applied) VALUES (40, 'sessions', '0001_initial', '2020-09-26 21:58:34.869995');
REPLACE INTO askapp.django_migrations (id, app, name, applied) VALUES (42, 'database', '0001_initial', '2020-10-18 18:43:51.918819');
REPLACE INTO askapp.django_migrations (id, app, name, applied) VALUES (43, 'database', '0002_auto_20190129_2304', '2020-10-18 18:43:52.102986');
REPLACE INTO askapp.django_content_type (id, app_label, model) VALUES (4, 'askapp', 'action');
REPLACE INTO askapp.django_content_type (id, app_label, model) VALUES (9, 'askapp', 'auditthread');
REPLACE INTO askapp.django_content_type (id, app_label, model) VALUES (2, 'askapp', 'post');
REPLACE INTO askapp.django_content_type (id, app_label, model) VALUES (6, 'askapp', 'postlike');
REPLACE INTO askapp.django_content_type (id, app_label, model) VALUES (8, 'askapp', 'profile');
REPLACE INTO askapp.django_content_type (id, app_label, model) VALUES (3, 'askapp', 'tag');
REPLACE INTO askapp.django_content_type (id, app_label, model) VALUES (5, 'askapp', 'thread');
REPLACE INTO askapp.django_content_type (id, app_label, model) VALUES (7, 'askapp', 'threadlike');
REPLACE INTO askapp.django_content_type (id, app_label, model) VALUES (10, 'askapp', 'userlevel');
REPLACE INTO askapp.django_content_type (id, app_label, model) VALUES (13, 'auth', 'group');
REPLACE INTO askapp.django_content_type (id, app_label, model) VALUES (12, 'auth', 'permission');
REPLACE INTO askapp.django_content_type (id, app_label, model) VALUES (14, 'auth', 'user');
REPLACE INTO askapp.django_content_type (id, app_label, model) VALUES (19, 'constance', 'config');
REPLACE INTO askapp.django_content_type (id, app_label, model) VALUES (15, 'contenttypes', 'contenttype');
REPLACE INTO askapp.django_content_type (id, app_label, model) VALUES (20, 'database', 'constance');
REPLACE INTO askapp.django_content_type (id, app_label, model) VALUES (17, 'registration', 'registrationprofile');
REPLACE INTO askapp.django_content_type (id, app_label, model) VALUES (18, 'registration', 'supervisedregistrationprofile');
REPLACE INTO askapp.django_content_type (id, app_label, model) VALUES (16, 'sessions', 'session');
REPLACE INTO askapp.auth_user (id, password, last_login, is_superuser, username, first_name, last_name, email, is_staff, is_active, date_joined) VALUES (1, 'pbkdf2_sha256$150000$7YO0IhWrnNGW$r2KhVW5tickuP9JoRaeOZvRhiqUZK7QPPtKksuuIkSU=', '2020-10-18 20:01:08.948111', 1, 'askapp', '', '', 'askapp@askapp.com', 1, 1, '2020-09-26 22:06:39.198823');
REPLACE INTO askapp.auth_user (id, password, last_login, is_superuser, username, first_name, last_name, email, is_staff, is_active, date_joined) VALUES (3, 'pbkdf2_sha256$150000$fwFqzKH9ROrI$H3cW69NtUf3uQ9tk6RygKZ9iau4jCnywoZoTGrZrdxk=', '2020-10-18 19:29:12.928720', 0, 'RamenRyan', '', '', '', 0, 1, '2020-10-18 18:20:46.207807');
REPLACE INTO askapp.auth_user (id, password, last_login, is_superuser, username, first_name, last_name, email, is_staff, is_active, date_joined) VALUES (4, 'pbkdf2_sha256$150000$qN4UDoyLPglg$avwS2tIA6jtvjBa4w9BbwoMeasBMYtFtWUdZwdlJQTY=', '2020-10-18 20:58:18.611945', 0, 'SobaSmith', '', '', '', 0, 1, '2020-10-18 18:22:07.327790');
REPLACE INTO askapp.auth_user (id, password, last_login, is_superuser, username, first_name, last_name, email, is_staff, is_active, date_joined) VALUES (5, 'pbkdf2_sha256$150000$ZbkgNqo5dtme$US5eysEmoevtEUFaGa5Hej3aho90R2oRcRVJoPH7Ra8=', '2020-10-18 18:49:12.304445', 0, 'CarlosYuzu', '', '', '', 0, 1, '2020-10-18 18:22:38.357723');
REPLACE INTO askapp.auth_user (id, password, last_login, is_superuser, username, first_name, last_name, email, is_staff, is_active, date_joined) VALUES (6, 'pbkdf2_sha256$150000$QsQDnp8hodS1$c+zktvRPM5UOBlQ7zCppektCOBhCelaFKWZqbfPTTbM=', '2020-10-18 19:30:36.986458', 0, 'BarbaraEbara', '', '', '', 0, 1, '2020-10-18 18:23:48.997651');
REPLACE INTO askapp.askapp_profile (id, avatar, country, city, about, user_id, level_id) VALUES (1, 'user_profile/askapp1.jpg', 'FR', 'Toulouse', 'I am a testing admin account. My password is my username. The same as for all other test users.', 1, 1);
REPLACE INTO askapp.askapp_profile (id, avatar, country, city, about, user_id, level_id) VALUES (4, 'user_profile/RamenRyan3.jpg', 'KH', 'Phnom Penh', 'I am a test user, I don''t really live in Cambodia.', 3, 1);
REPLACE INTO askapp.askapp_profile (id, avatar, country, city, about, user_id, level_id) VALUES (5, 'user_profile/SobaSmith4.jpg', 'GB', 'London', 'I am a test user. I don''t exist in real life.', 4, 1);
REPLACE INTO askapp.askapp_profile (id, avatar, country, city, about, user_id, level_id) VALUES (6, 'user_profile/CarlosYuzu5.jpg', 'AR', 'Buenos Aires', 'I am just a test user', 5, 1);
REPLACE INTO askapp.askapp_profile (id, avatar, country, city, about, user_id, level_id) VALUES (7, 'user_profile/BarbaraEbara6.jpg', 'JP', 'Toyama', 'I am a test user, I don''t exist in real life. But Ebara exists. It is a tiny train station near Toyama city in Japan.', 6, 1);REPLACE INTO askapp.askapp_tag (id, name, slug) VALUES (1, 'AskApp', 'askapp');
REPLACE INTO askapp.askapp_tag (id, name, slug) VALUES (2, 'Example', 'example');
REPLACE INTO askapp.askapp_tag (id, name, slug) VALUES (3, 'FunFact', 'funfact');REPLACE INTO askapp.askapp_thread (id, hidden, closed, sticky, featured, created, modified, thread_type, text, title, image, score, user_id, link, thumbnail, deleted, domain, original_id) VALUES (1, 0, 0, null, 0, '2020-10-18 18:49:39.287907', '2020-10-18 18:49:39.287950', 'DD', 'Here''s a photo of a web sloth. Because why not. You can use AskApp for any content.', 'Wet Sloth', 'uploads/images/2020/10/18/wet_sloth.jpg', 0, 5, null, '', 0, null, null);
REPLACE INTO askapp.askapp_thread (id, hidden, closed, sticky, featured, created, modified, thread_type, text, title, image, score, user_id, link, thumbnail, deleted, domain, original_id) VALUES (2, 0, 0, null, 0, '2020-10-18 18:53:09.540153', '2020-10-18 18:53:09.540200', 'YT', 'There is a YouTube video type of document in AskApp. You can just paste the YouTube URL and click "Preload" button and it will pull the video''s description from youtube that you can later modify.', 'PSY - GANGNAM STYLE', 'uploads/images/2020/10/18/9bZkp7q19f0.jpg', 0, 5, 'https://www.youtube.com/watch?v=9bZkp7q19f0', '', 0, null, null);
REPLACE INTO askapp.askapp_post (id, created, parent_id, text, is_answer, thread_id, user_id, level, lft, rght, tree_id, deleted, accepted) VALUES (1, '2020-10-18 19:22:21.452923', null, 'Thanks for your interest in AskApp. We also believe that it is a nice content management tool. Unfortunately we haven''t written a comprehensive documentation where you can learn about everything AskApp can do. But this is how Open Source works - if you see something is missing in a repository, feel free to contribute. If you are not interested in writing the doc yourself, you can post an issue in the repository. That way we''ll know what exactly you need and we''ll do our best to help. Isues motivate us to move forward.', 0, 6, 1, 0, 1, 4, 1, 0, null);
REPLACE INTO askapp.askapp_post (id, created, parent_id, text, is_answer, thread_id, user_id, level, lft, rght, tree_id, deleted, accepted) VALUES (2, '2020-10-18 19:28:51.228877', 1, 'This is nice to hear, I will check out AskApp repository and see how I could contribute!', 0, 6, 4, 1, 2, 3, 1, 0, null);
REPLACE INTO askapp.askapp_post (id, created, parent_id, text, is_answer, thread_id, user_id, level, lft, rght, tree_id, deleted, accepted) VALUES (3, '2020-10-18 20:58:01.809000', null, 'Why is this article highlighted?', 0, 3, 1, 0, 1, 4, 2, 0, null);
REPLACE INTO askapp.askapp_post (id, created, parent_id, text, is_answer, thread_id, user_id, level, lft, rght, tree_id, deleted, accepted) VALUES (4, '2020-10-18 20:59:16.800263', 3, 'I am glad you have asked! In the admin panel you can choose to make any document sticky. It will make the document appear at the top of the feed for the duration of time you chose for it to be sticky. You can program the document to be sticky for any duration. Once the period expired, the document will return to being normal.', 0, 3, 4, 1, 2, 3, 2, 0, null);
REPLACE INTO askapp.askapp_thread (id, hidden, closed, sticky, featured, created, modified, thread_type, text, title, image, score, user_id, link, thumbnail, deleted, domain, original_id) VALUES (3, 0, 0, '2021-10-26', 0, '2020-10-18 18:54:19.988537', '2020-10-18 20:57:27.421241', 'DD', 'The main feature of AskApp is content curation. Much like HackerNews or Reddit, the articles posted here are displayed in a chronological order and the top page features the most upvoted articles with the priority given to more recent posts.', 'What is AskApp About?', '', 2, 4, null, '', 0, null, null);
REPLACE INTO askapp.askapp_thread (id, hidden, closed, sticky, featured, created, modified, thread_type, text, title, image, score, user_id, link, thumbnail, deleted, domain, original_id) VALUES (4, 0, 0, null, 0, '2020-10-18 19:10:08.782238', '2020-10-18 20:54:48.837363', 'LL', 'It is a showcase website for AspApp. It collects and curates articles about Japan. You can find all types of documents - Links, Discussions, YouTube videos.', 'Akihabara.Tokyo', 'uploads/images/2020/10/18/largelogo_6l3yibd.jpg', 1, 4, 'https://akihabara.tokyo', '', 0, 'akihabara.tokyo', null);
REPLACE INTO askapp.askapp_thread (id, hidden, closed, sticky, featured, created, modified, thread_type, text, title, image, score, user_id, link, thumbnail, deleted, domain, original_id) VALUES (5, 0, 0, null, 1, '2020-10-18 19:21:10.659009', '2020-10-18 19:24:43.658746', 'DD', 'This is an example of a featured document. It doesn''t matter what type it is, it can be a Link, a Discussion or a YouTube video. The point of being featured is that it will appear in the feed  highlighted. Unlike a Sticky document, it will not remain at the top of the feed, but will be pushed down in the Recent feed as new documents are added. It may or may not get featured on the Top page  depending on the number of upvotes it gets, just like any other document.', 'This is a Featured Document', '', 0, 3, null, '', 0, null, null);
REPLACE INTO askapp.askapp_thread (id, hidden, closed, sticky, featured, created, modified, thread_type, text, title, image, score, user_id, link, thumbnail, deleted, domain, original_id) VALUES (6, 0, 0, null, 0, '2020-10-18 19:21:52.418147', '2020-10-18 19:21:52.418182', 'DD', 'AskApp looks cool and I would be interested in using it, but I can''t seem to find complete documentation. I wish there was a place where I could read about all the features.', 'I wish there was a more complete documentation', '', 0, 3, null, '', 0, null, null);
REPLACE INTO askapp.askapp_thread (id, hidden, closed, sticky, featured, created, modified, thread_type, text, title, image, score, user_id, link, thumbnail, deleted, domain, original_id) VALUES (7, 0, 0, null, 0, '2020-10-18 19:36:43.119561', '2020-10-18 19:36:43.119597', 'LL', 'AskApp is the content curation and community building system. It is simple, yet flexible. If you are reading this you have already cloned the code from the repository and even managed to run the dockerezed version locally. Great job!', 'Here''s AskApp code repository', '', 0, 1, 'https://github.com/BanzaiTokyo/askapp', '', 0, 'github.com', null);REPLACE INTO askapp.askapp_thread_tags (id, thread_id, tag_id) VALUES (1, 1, 3);
REPLACE INTO askapp.askapp_thread_tags (id, thread_id, tag_id) VALUES (2, 2, 3);
REPLACE INTO askapp.askapp_thread_tags (id, thread_id, tag_id) VALUES (3, 3, 1);
REPLACE INTO askapp.askapp_thread_tags (id, thread_id, tag_id) VALUES (4, 4, 1);
REPLACE INTO askapp.askapp_thread_tags (id, thread_id, tag_id) VALUES (5, 5, 1);
REPLACE INTO askapp.askapp_thread_tags (id, thread_id, tag_id) VALUES (6, 6, 1);
REPLACE INTO askapp.askapp_thread_tags (id, thread_id, tag_id) VALUES (7, 7, 1);REPLACE INTO askapp.askapp_threadlike (id, created, points, user_id, thread_id) VALUES (1, '2020-10-18 19:19:27.714051', 2, 1, 3);
REPLACE INTO askapp.askapp_threadlike (id, created, points, user_id, thread_id) VALUES (2, '2020-10-18 19:19:29.396234', 1, 1, 4);REPLACE INTO askapp.askapp_userlevel (id, name, upvotes, downvotes, upvote_same, downvote_same) VALUES (1, 'Level 1', 3, 0, 1, 1);REPLACE INTO askapp.auth_permission (id, name, content_type_id, codename) VALUES (1, 'Can add Preference', 1, 'add_preference');
REPLACE INTO askapp.askapp_auditthread (id, action, created, content, thread_id, user_id) VALUES (1, 'sticky', '2020-10-18 20:57:27.423467', null, 3, 1);
REPLACE INTO askapp.auth_permission (id, name, content_type_id, codename) VALUES (2, 'Can change Preference', 1, 'change_preference');
REPLACE INTO askapp.auth_permission (id, name, content_type_id, codename) VALUES (3, 'Can delete Preference', 1, 'delete_preference');
REPLACE INTO askapp.auth_permission (id, name, content_type_id, codename) VALUES (4, 'Can view Preference', 1, 'view_preference');
REPLACE INTO askapp.auth_permission (id, name, content_type_id, codename) VALUES (5, 'Can add Comment', 2, 'add_post');
REPLACE INTO askapp.auth_permission (id, name, content_type_id, codename) VALUES (6, 'Can change Comment', 2, 'change_post');
REPLACE INTO askapp.auth_permission (id, name, content_type_id, codename) VALUES (7, 'Can delete Comment', 2, 'delete_post');
REPLACE INTO askapp.auth_permission (id, name, content_type_id, codename) VALUES (8, 'Can view Comment', 2, 'view_post');
REPLACE INTO askapp.auth_permission (id, name, content_type_id, codename) VALUES (9, 'Can add tag', 3, 'add_tag');
REPLACE INTO askapp.auth_permission (id, name, content_type_id, codename) VALUES (10, 'Can change tag', 3, 'change_tag');
REPLACE INTO askapp.auth_permission (id, name, content_type_id, codename) VALUES (11, 'Can delete tag', 3, 'delete_tag');
REPLACE INTO askapp.auth_permission (id, name, content_type_id, codename) VALUES (12, 'Can view tag', 3, 'view_tag');
REPLACE INTO askapp.auth_permission (id, name, content_type_id, codename) VALUES (13, 'Can add action', 4, 'add_action');
REPLACE INTO askapp.auth_permission (id, name, content_type_id, codename) VALUES (14, 'Can change action', 4, 'change_action');
REPLACE INTO askapp.auth_permission (id, name, content_type_id, codename) VALUES (15, 'Can delete action', 4, 'delete_action');
REPLACE INTO askapp.auth_permission (id, name, content_type_id, codename) VALUES (16, 'Can view action', 4, 'view_action');
REPLACE INTO askapp.auth_permission (id, name, content_type_id, codename) VALUES (17, 'Can add thread', 5, 'add_thread');
REPLACE INTO askapp.auth_permission (id, name, content_type_id, codename) VALUES (18, 'Can change thread', 5, 'change_thread');
REPLACE INTO askapp.auth_permission (id, name, content_type_id, codename) VALUES (19, 'Can delete thread', 5, 'delete_thread');
REPLACE INTO askapp.auth_permission (id, name, content_type_id, codename) VALUES (20, 'Can view thread', 5, 'view_thread');
REPLACE INTO askapp.auth_permission (id, name, content_type_id, codename) VALUES (21, 'Can add post like', 6, 'add_postlike');
REPLACE INTO askapp.auth_permission (id, name, content_type_id, codename) VALUES (22, 'Can change post like', 6, 'change_postlike');
REPLACE INTO askapp.auth_permission (id, name, content_type_id, codename) VALUES (23, 'Can delete post like', 6, 'delete_postlike');
REPLACE INTO askapp.auth_permission (id, name, content_type_id, codename) VALUES (24, 'Can view post like', 6, 'view_postlike');
REPLACE INTO askapp.auth_permission (id, name, content_type_id, codename) VALUES (25, 'Can add thread like', 7, 'add_threadlike');
REPLACE INTO askapp.auth_permission (id, name, content_type_id, codename) VALUES (26, 'Can change thread like', 7, 'change_threadlike');
REPLACE INTO askapp.auth_permission (id, name, content_type_id, codename) VALUES (27, 'Can delete thread like', 7, 'delete_threadlike');
REPLACE INTO askapp.auth_permission (id, name, content_type_id, codename) VALUES (28, 'Can view thread like', 7, 'view_threadlike');
REPLACE INTO askapp.auth_permission (id, name, content_type_id, codename) VALUES (29, 'Can add profile', 8, 'add_profile');
REPLACE INTO askapp.auth_permission (id, name, content_type_id, codename) VALUES (30, 'Can change profile', 8, 'change_profile');
REPLACE INTO askapp.auth_permission (id, name, content_type_id, codename) VALUES (31, 'Can delete profile', 8, 'delete_profile');
REPLACE INTO askapp.auth_permission (id, name, content_type_id, codename) VALUES (32, 'Can view profile', 8, 'view_profile');
REPLACE INTO askapp.auth_permission (id, name, content_type_id, codename) VALUES (33, 'Can add audit thread', 9, 'add_auditthread');
REPLACE INTO askapp.auth_permission (id, name, content_type_id, codename) VALUES (34, 'Can change audit thread', 9, 'change_auditthread');
REPLACE INTO askapp.auth_permission (id, name, content_type_id, codename) VALUES (35, 'Can delete audit thread', 9, 'delete_auditthread');
REPLACE INTO askapp.auth_permission (id, name, content_type_id, codename) VALUES (36, 'Can view audit thread', 9, 'view_auditthread');
REPLACE INTO askapp.auth_permission (id, name, content_type_id, codename) VALUES (37, 'Can add user level', 10, 'add_userlevel');
REPLACE INTO askapp.auth_permission (id, name, content_type_id, codename) VALUES (38, 'Can change user level', 10, 'change_userlevel');
REPLACE INTO askapp.auth_permission (id, name, content_type_id, codename) VALUES (39, 'Can delete user level', 10, 'delete_userlevel');
REPLACE INTO askapp.auth_permission (id, name, content_type_id, codename) VALUES (40, 'Can view user level', 10, 'view_userlevel');
REPLACE INTO askapp.auth_permission (id, name, content_type_id, codename) VALUES (41, 'Can add log entry', 11, 'add_logentry');
REPLACE INTO askapp.auth_permission (id, name, content_type_id, codename) VALUES (42, 'Can change log entry', 11, 'change_logentry');
REPLACE INTO askapp.auth_permission (id, name, content_type_id, codename) VALUES (43, 'Can delete log entry', 11, 'delete_logentry');
REPLACE INTO askapp.auth_permission (id, name, content_type_id, codename) VALUES (44, 'Can view log entry', 11, 'view_logentry');
REPLACE INTO askapp.auth_permission (id, name, content_type_id, codename) VALUES (45, 'Can add permission', 12, 'add_permission');
REPLACE INTO askapp.auth_permission (id, name, content_type_id, codename) VALUES (46, 'Can change permission', 12, 'change_permission');
REPLACE INTO askapp.auth_permission (id, name, content_type_id, codename) VALUES (47, 'Can delete permission', 12, 'delete_permission');
REPLACE INTO askapp.auth_permission (id, name, content_type_id, codename) VALUES (48, 'Can view permission', 12, 'view_permission');
REPLACE INTO askapp.auth_permission (id, name, content_type_id, codename) VALUES (49, 'Can add group', 13, 'add_group');
REPLACE INTO askapp.auth_permission (id, name, content_type_id, codename) VALUES (50, 'Can change group', 13, 'change_group');
REPLACE INTO askapp.auth_permission (id, name, content_type_id, codename) VALUES (51, 'Can delete group', 13, 'delete_group');
REPLACE INTO askapp.auth_permission (id, name, content_type_id, codename) VALUES (52, 'Can view group', 13, 'view_group');
REPLACE INTO askapp.auth_permission (id, name, content_type_id, codename) VALUES (53, 'Can add user', 14, 'add_user');
REPLACE INTO askapp.auth_permission (id, name, content_type_id, codename) VALUES (54, 'Can change user', 14, 'change_user');
REPLACE INTO askapp.auth_permission (id, name, content_type_id, codename) VALUES (55, 'Can delete user', 14, 'delete_user');
REPLACE INTO askapp.auth_permission (id, name, content_type_id, codename) VALUES (56, 'Can view user', 14, 'view_user');
REPLACE INTO askapp.auth_permission (id, name, content_type_id, codename) VALUES (57, 'Can add content type', 15, 'add_contenttype');
REPLACE INTO askapp.auth_permission (id, name, content_type_id, codename) VALUES (58, 'Can change content type', 15, 'change_contenttype');
REPLACE INTO askapp.auth_permission (id, name, content_type_id, codename) VALUES (59, 'Can delete content type', 15, 'delete_contenttype');
REPLACE INTO askapp.auth_permission (id, name, content_type_id, codename) VALUES (60, 'Can view content type', 15, 'view_contenttype');
REPLACE INTO askapp.auth_permission (id, name, content_type_id, codename) VALUES (61, 'Can add session', 16, 'add_session');
REPLACE INTO askapp.auth_permission (id, name, content_type_id, codename) VALUES (62, 'Can change session', 16, 'change_session');
REPLACE INTO askapp.auth_permission (id, name, content_type_id, codename) VALUES (63, 'Can delete session', 16, 'delete_session');
REPLACE INTO askapp.auth_permission (id, name, content_type_id, codename) VALUES (64, 'Can view session', 16, 'view_session');
REPLACE INTO askapp.auth_permission (id, name, content_type_id, codename) VALUES (65, 'Can add registration profile', 17, 'add_registrationprofile');
REPLACE INTO askapp.auth_permission (id, name, content_type_id, codename) VALUES (66, 'Can change registration profile', 17, 'change_registrationprofile');
REPLACE INTO askapp.auth_permission (id, name, content_type_id, codename) VALUES (67, 'Can delete registration profile', 17, 'delete_registrationprofile');
REPLACE INTO askapp.auth_permission (id, name, content_type_id, codename) VALUES (68, 'Can view registration profile', 17, 'view_registrationprofile');
REPLACE INTO askapp.auth_permission (id, name, content_type_id, codename) VALUES (69, 'Can add supervised registration profile', 18, 'add_supervisedregistrationprofile');
REPLACE INTO askapp.auth_permission (id, name, content_type_id, codename) VALUES (70, 'Can change supervised registration profile', 18, 'change_supervisedregistrationprofile');
REPLACE INTO askapp.auth_permission (id, name, content_type_id, codename) VALUES (71, 'Can delete supervised registration profile', 18, 'delete_supervisedregistrationprofile');
REPLACE INTO askapp.auth_permission (id, name, content_type_id, codename) VALUES (72, 'Can view supervised registration profile', 18, 'view_supervisedregistrationprofile');
REPLACE INTO askapp.auth_permission (id, name, content_type_id, codename) VALUES (73, 'Can change config', 19, 'change_config');
REPLACE INTO askapp.auth_permission (id, name, content_type_id, codename) VALUES (74, 'Can view config', 19, 'view_config');
REPLACE INTO askapp.auth_permission (id, name, content_type_id, codename) VALUES (75, 'Can add constance', 20, 'add_constance');
REPLACE INTO askapp.auth_permission (id, name, content_type_id, codename) VALUES (76, 'Can change constance', 20, 'change_constance');
REPLACE INTO askapp.auth_permission (id, name, content_type_id, codename) VALUES (77, 'Can delete constance', 20, 'delete_constance');
REPLACE INTO askapp.auth_permission (id, name, content_type_id, codename) VALUES (78, 'Can view constance', 20, 'view_constance');
REPLACE INTO askapp.constance_config (id, `key`, value) VALUES (1, 'SITE_LOGO', 'gAJYDgAAAHRleHRidWJibGUucG5ncQAu');
REPLACE INTO askapp.constance_config (id, `key`, value) VALUES (2, 'SITE_NAME', 'gAJYCwAAAEFza0FwcCBEZW1vcQAu');
REPLACE INTO askapp.constance_config (id, `key`, value) VALUES (3, 'ABOUT_TEXT', 'gAJYywAAAFRoaXMgaXMgYSBkZW1vbnN0cmF0aW9uIHZlcnNpb24gb2YgQXNrQXBwLiBBbGwgdGhlIHRlc3QgdXNlcnMgaGF2ZSB0aGVpciB1c2VybmFtZXMgYXMgcGFzc3dvcmRzLCBleGFtcGxlOiBhc2thcHAvYXNrYXBwIFRoaXMgZGVzY3JpcHRpb24gaXMgZWRpdGFibGUgaW4gdGhlIGNvbnRyb2wgcGFuZWwgYXQgbG9jYWxob3N0OjgwMDAvYWRtaW4gPT4gQ29uZmlncQAu');
REPLACE INTO askapp.constance_config (id, `key`, value) VALUES (4, 'REGISTRATION_OPEN', 'gAKILg==');
REPLACE INTO askapp.constance_config (id, `key`, value) VALUES (5, 'NUM_DOMAIN_STATS', 'gAJLMi4=');REPLACE INTO askapp.django_admin_log (id, action_time, object_id, object_repr, action_flag, change_message, content_type_id, user_id) VALUES (1, '2020-10-18 18:20:46.363205', '3', 'RamenRyan', 1, '[{"added": {}}]', 14, 1);
SET FOREIGN_KEY_CHECKS=1;
